FREQ,Frequenza,REF_AREA,Territorio,DATA_TYPE,Indicatore,TIME_PERIOD,Osservazione,OBS_STATUS,'Stato dell"'osservazione',NOTE_REF_AREA,Territorio (NOTE_REF_AREA),NOTE_DATA_TYPE,Indicatore (NOTE_DATA_TYPE),BASE_PER,Anno base,UNIT_MEAS,Unità di misura,UNIT_MULT,Unità di moltiplicazione
A,Annuale,ITC11,Torino,BIRTHRATE,Tasso di natalità (per mille abitanti),2025,5.5,p,Dato provvisorio,,,TIPO_DATO15__BIRTHRATE_N1,'Rapporto tra il numero dei nati vivi dell’anno e l’ammontare medio della popolazione residente, moltiplicato per 1.000',,,,,,
A,Annuale,ITC11,Torino,LIFEEXP65T,Speranza di vita a 65 anni - totale,2025,21.6,e,Dato stimato,,,TIPO_DATO15__LIFEEXP65T_N1,'Numero medio di anni che restano da vivere a un 65enne (entrambi i sessi), nell’ipotesi in cui, nel corso della propria esistenza, fosse sottoposto ai rischi di mortalità per età che hanno caratterizzato l’anno di osservazione.',,,,,,
A,Annuale,ITC12,Vercelli,BIRTHRATE,Tasso di natalità (per mille abitanti),2025,5.7,p,Dato provvisorio,,,TIPO_DATO15__BIRTHRATE_N1,'Rapporto tra il numero dei nati vivi dell’anno e l’ammontare medio della popolazione residente, moltiplicato per 1.000',,,,,,
A,Annuale,ITC12,Vercelli,LIFEEXP65T,Speranza di vita a 65 anni - totale,2025,20.6,e,Dato stimato,,,TIPO_DATO15__LIFEEXP65T_N1,'Numero medio di anni che restano da vivere a un 65enne (entrambi i sessi), nell’ipotesi in cui, nel corso della propria esistenza, fosse sottoposto ai rischi di mortalità per età che hanno caratterizzato l’anno di osservazione.',,,,,,
A,Annuale,ITC15,Novara,BIRTHRATE,Tasso di natalità (per mille abitanti),2025,6,p,Dato provvisorio,,,TIPO_DATO15__BIRTHRATE_N1,'Rapporto tra il numero dei nati vivi dell’anno e l’ammontare medio della popolazione residente, moltiplicato per 1.000',,,,,,
A,Annuale,ITC15,Novara,LIFEEXP65T,Speranza di vita a 65 anni - totale,2025,21.3,e,Dato stimato,,,TIPO_DATO15__LIFEEXP65T_N1,'Numero medio di anni che restano da vivere a un 65enne (entrambi i sessi), nell’ipotesi in cui, nel corso della propria esistenza, fosse sottoposto ai rischi di mortalità per età che hanno caratterizzato l’anno di osservazione.',,,,,,
A,Annuale,ITC16,Cuneo,BIRTHRATE,Tasso di natalità (per mille abitanti),2025,6.5,p,Dato provvisorio,,,TIPO_DATO15__BIRTHRATE_N1,'Rapporto tra il numero dei nati vivi dell’anno e l’ammontare medio della popolazione residente, moltiplicato per 1.000',,,,,,
A,Annuale,ITC16,Cuneo,LIFEEXP65T,Speranza di vita a 65 anni - totale,2025,21.3,e,Dato stimato,,,TIPO_DATO15__LIFEEXP65T_N1,'Numero medio di anni che restano da vivere a un 65enne (entrambi i sessi), nell’ipotesi in cui, nel corso della propria esistenza, fosse sottoposto ai rischi di mortalità per età che hanno caratterizzato l’anno di osservazione.',,,,,,
A,Annuale,ITC17,Asti,BIRTHRATE,Tasso di natalità (per mille abitanti),2025,5.3,p,Dato provvisorio,,,TIPO_DATO15__BIRTHRATE_N1,'Rapporto tra il numero dei nati vivi dell’anno e l’ammontare medio della popolazione residente, moltiplicato per 1.000',,,,,,
A,Annuale,ITC17,Asti,LIFEEXP65T,Speranza di vita a 65 anni - totale,2025,21.2,e,Dato stimato,,,TIPO_DATO15__LIFEEXP65T_N1,'Numero medio di anni che restano da vivere a un 65enne (entrambi i sessi), nell’ipotesi in cui, nel corso della propria esistenza, fosse sottoposto ai rischi di mortalità per età che hanno caratterizzato l’anno di osservazione.',,,,,,
A,Annuale,ITC18,Alessandria,BIRTHRATE,Tasso di natalità (per mille abitanti),2025,5.1,p,Dato provvisorio,,,TIPO_DATO15__BIRTHRATE_N1,'Rapporto tra il numero dei nati vivi dell’anno e l’ammontare medio della popolazione residente, moltiplicato per 1.000',,,,,,
A,Annuale,ITC18,Alessandria,LIFEEXP65T,Speranza di vita a 65 anni - totale,2025,21,e,Dato stimato,,,TIPO_DATO15__LIFEEXP65T_N1,'Numero medio di anni che restano da vivere a un 65enne (entrambi i sessi), nell’ipotesi in cui, nel corso della propria esistenza, fosse sottoposto ai rischi di mortalità per età che hanno caratterizzato l’anno di osservazione.',,,,,,
A,Annuale,ITC13,Biella,BIRTHRATE,Tasso di natalità (per mille abitanti),2025,4.7,p,Dato provvisorio,,,TIPO_DATO15__BIRTHRATE_N1,'Rapporto tra il numero dei nati vivi dell’anno e l’ammontare medio della popolazione residente, moltiplicato per 1.000',,,,,,
A,Annuale,ITC13,Biella,LIFEEXP65T,Speranza di vita a 65 anni - totale,2025,21.2,e,Dato stimato,,,TIPO_DATO15__LIFEEXP65T_N1,'Numero medio di anni che restano da vivere a un 65enne (entrambi i sessi), nell’ipotesi in cui, nel corso della propria esistenza, fosse sottoposto ai rischi di mortalità per età che hanno caratterizzato l’anno di osservazione.',,,,,,
A,Annuale,ITC14,Verbano-Cusio-Ossola,BIRTHRATE,Tasso di natalità (per mille abitanti),2025,4.9,p,Dato provvisorio,,,TIPO_DATO15__BIRTHRATE_N1,'Rapporto tra il numero dei nati vivi dell’anno e l’ammontare medio della popolazione residente, moltiplicato per 1.000',,,,,,
A,Annuale,ITC14,Verbano-Cusio-Ossola,LIFEEXP65T,Speranza di vita a 65 anni - totale,2025,21.4,e,Dato stimato,,,TIPO_DATO15__LIFEEXP65T_N1,'Numero medio di anni che restano da vivere a un 65enne (entrambi i sessi), nell’ipotesi in cui, nel corso della propria esistenza, fosse sottoposto ai rischi di mortalità per età che hanno caratterizzato l’anno di osservazione.',,,,,,
A,Annuale,ITC20,'Valle d"'Aosta / Vallée d"'Aoste',BIRTHRATE,Tasso di natalità (per mille abitanti),2025,5.5,p,Dato provvisorio,,,TIPO_DATO15__BIRTHRATE_N1,'Rapporto tra il numero dei nati vivi dell’anno e l’ammontare medio della popolazione residente, moltiplicato per 1.000',,,,,,
A,Annuale,ITC20,'Valle d"'Aosta / Vallée d"'Aoste',LIFEEXP65T,Speranza di vita a 65 anni - totale,2025,21.7,e,Dato stimato,,,TIPO_DATO15__LIFEEXP65T_N1,'Numero medio di anni che restano da vivere a un 65enne (entrambi i sessi), nell’ipotesi in cui, nel corso della propria esistenza, fosse sottoposto ai rischi di mortalità per età che hanno caratterizzato l’anno di osservazione.',,,,,,
A,Annuale,ITC31,Imperia,BIRTHRATE,Tasso di natalità (per mille abitanti),2025,5.1,p,Dato provvisorio,,,TIPO_DATO15__BIRTHRATE_N1,'Rapporto tra il numero dei nati vivi dell’anno e l’ammontare medio della popolazione residente, moltiplicato per 1.000',,,,,,
A,Annuale,ITC31,Imperia,LIFEEXP65T,Speranza di vita a 65 anni - totale,2025,21.1,e,Dato stimato,,,TIPO_DATO15__LIFEEXP65T_N1,'Numero medio di anni che restano da vivere a un 65enne (entrambi i sessi), nell’ipotesi in cui, nel corso della propria esistenza, fosse sottoposto ai rischi di mortalità per età che hanno caratterizzato l’anno di osservazione.',,,,,,
A,Annuale,ITC32,Savona,BIRTHRATE,Tasso di natalità (per mille abitanti),2025,4.8,p,Dato provvisorio,,,TIPO_DATO15__BIRTHRATE_N1,'Rapporto tra il numero dei nati vivi dell’anno e l’ammontare medio della popolazione residente, moltiplicato per 1.000',,,,,,
A,Annuale,ITC32,Savona,LIFEEXP65T,Speranza di vita a 65 anni - totale,2025,21.6,e,Dato stimato,,,TIPO_DATO15__LIFEEXP65T_N1,'Numero medio di anni che restano da vivere a un 65enne (entrambi i sessi), nell’ipotesi in cui, nel corso della propria esistenza, fosse sottoposto ai rischi di mortalità per età che hanno caratterizzato l’anno di osservazione.',,,,,,
A,Annuale,ITC33,Genova,BIRTHRATE,Tasso di natalità (per mille abitanti),2025,5.6,p,Dato provvisorio,,,TIPO_DATO15__BIRTHRATE_N1,'Rapporto tra il numero dei nati vivi dell’anno e l’ammontare medio della popolazione residente, moltiplicato per 1.000',,,,,,
A,Annuale,ITC33,Genova,LIFEEXP65T,Speranza di vita a 65 anni - totale,2025,21.5,e,Dato stimato,,,TIPO_DATO15__LIFEEXP65T_N1,'Numero medio di anni che restano da vivere a un 65enne (entrambi i sessi), nell’ipotesi in cui, nel corso della propria esistenza, fosse sottoposto ai rischi di mortalità per età che hanno caratterizzato l’anno di osservazione.',,,,,,
A,Annuale,ITC34,La Spezia,BIRTHRATE,Tasso di natalità (per mille abitanti),2025,5,p,Dato provvisorio,,,TIPO_DATO15__BIRTHRATE_N1,'Rapporto tra il numero dei nati vivi dell’anno e l’ammontare medio della popolazione residente, moltiplicato per 1.000',,,,,,
A,Annuale,ITC34,La Spezia,LIFEEXP65T,Speranza di vita a 65 anni - totale,2025,21.6,e,Dato stimato,,,TIPO_DATO15__LIFEEXP65T_N1,'Numero medio di anni che restano da vivere a un 65enne (entrambi i sessi), nell’ipotesi in cui, nel corso della propria esistenza, fosse sottoposto ai rischi di mortalità per età che hanno caratterizzato l’anno di osservazione.',,,,,,
A,Annuale,ITC41,Varese,BIRTHRATE,Tasso di natalità (per mille abitanti),2025,6,p,Dato provvisorio,,,TIPO_DATO15__BIRTHRATE_N1,'Rapporto tra il numero dei nati vivi dell’anno e l’ammontare medio della popolazione residente, moltiplicato per 1.000',,,,,,
A,Annuale,ITC41,Varese,LIFEEXP65T,Speranza di vita a 65 anni - totale,2025,21.9,e,Dato stimato,,,TIPO_DATO15__LIFEEXP65T_N1,'Numero medio di anni che restano da vivere a un 65enne (entrambi i sessi), nell’ipotesi in cui, nel corso della propria esistenza, fosse sottoposto ai rischi di mortalità per età che hanno caratterizzato l’anno di osservazione.',,,,,,
A,Annuale,ITC42,Como,BIRTHRATE,Tasso di natalità (per mille abitanti),2025,5.9,p,Dato provvisorio,,,TIPO_DATO15__BIRTHRATE_N1,'Rapporto tra il numero dei nati vivi dell’anno e l’ammontare medio della popolazione residente, moltiplicato per 1.000',,,,,,
A,Annuale,ITC42,Como,LIFEEXP65T,Speranza di vita a 65 anni - totale,2025,22.1,e,Dato stimato,,,TIPO_DATO15__LIFEEXP65T_N1,'Numero medio di anni che restano da vivere a un 65enne (entrambi i sessi), nell’ipotesi in cui, nel corso della propria esistenza, fosse sottoposto ai rischi di mortalità per età che hanno caratterizzato l’anno di osservazione.',,,,,,
A,Annuale,ITC44,Sondrio,BIRTHRATE,Tasso di natalità (per mille abitanti),2025,5.9,p,Dato provvisorio,,,TIPO_DATO15__BIRTHRATE_N1,'Rapporto tra il numero dei nati vivi dell’anno e l’ammontare medio della popolazione residente, moltiplicato per 1.000',,,,,,
A,Annuale,ITC44,Sondrio,LIFEEXP65T,Speranza di vita a 65 anni - totale,2025,21.6,e,Dato stimato,,,TIPO_DATO15__LIFEEXP65T_N1,'Numero medio di anni che restano da vivere a un 65enne (entrambi i sessi), nell’ipotesi in cui, nel corso della propria esistenza, fosse sottoposto ai rischi di mortalità per età che hanno caratterizzato l’anno di osservazione.',,,,,,
A,Annuale,ITC45,Milano,BIRTHRATE,Tasso di natalità (per mille abitanti),2025,6.5,p,Dato provvisorio,,,TIPO_DATO15__BIRTHRATE_N1,'Rapporto tra il numero dei nati vivi dell’anno e l’ammontare medio della popolazione residente, moltiplicato per 1.000',,,,,,
A,Annuale,ITC45,Milano,LIFEEXP65T,Speranza di vita a 65 anni - totale,2025,22.1,e,Dato stimato,,,TIPO_DATO15__LIFEEXP65T_N1,'Numero medio di anni che restano da vivere a un 65enne (entrambi i sessi), nell’ipotesi in cui, nel corso della propria esistenza, fosse sottoposto ai rischi di mortalità per età che hanno caratterizzato l’anno di osservazione.',,,,,,
A,Annuale,ITC46,Bergamo,BIRTHRATE,Tasso di natalità (per mille abitanti),2025,6.4,p,Dato provvisorio,,,TIPO_DATO15__BIRTHRATE_N1,'Rapporto tra il numero dei nati vivi dell’anno e l’ammontare medio della popolazione residente, moltiplicato per 1.000',,,,,,
A,Annuale,ITC46,Bergamo,LIFEEXP65T,Speranza di vita a 65 anni - totale,2025,21.6,e,Dato stimato,,,TIPO_DATO15__LIFEEXP65T_N1,'Numero medio di anni che restano da vivere a un 65enne (entrambi i sessi), nell’ipotesi in cui, nel corso della propria esistenza, fosse sottoposto ai rischi di mortalità per età che hanno caratterizzato l’anno di osservazione.',,,,,,
A,Annuale,ITC47,Brescia,BIRTHRATE,Tasso di natalità (per mille abitanti),2025,6.4,p,Dato provvisorio,,,TIPO_DATO15__BIRTHRATE_N1,'Rapporto tra il numero dei nati vivi dell’anno e l’ammontare medio della popolazione residente, moltiplicato per 1.000',,,,,,
A,Annuale,ITC47,Brescia,LIFEEXP65T,Speranza di vita a 65 anni - totale,2025,21.9,e,Dato stimato,,,TIPO_DATO15__LIFEEXP65T_N1,'Numero medio di anni che restano da vivere a un 65enne (entrambi i sessi), nell’ipotesi in cui, nel corso della propria esistenza, fosse sottoposto ai rischi di mortalità per età che hanno caratterizzato l’anno di osservazione.',,,,,,
A,Annuale,ITC48,Pavia,BIRTHRATE,Tasso di natalità (per mille abitanti),2025,6,p,Dato provvisorio,,,TIPO_DATO15__BIRTHRATE_N1,'Rapporto tra il numero dei nati vivi dell’anno e l’ammontare medio della popolazione residente, moltiplicato per 1.000',,,,,,
A,Annuale,ITC48,Pavia,LIFEEXP65T,Speranza di vita a 65 anni - totale,2025,20.7,e,Dato stimato,,,TIPO_DATO15__LIFEEXP65T_N1,'Numero medio di anni che restano da vivere a un 65enne (entrambi i sessi), nell’ipotesi in cui, nel corso della propria esistenza, fosse sottoposto ai rischi di mortalità per età che hanno caratterizzato l’anno di osservazione.',,,,,,
A,Annuale,ITC4A,Cremona,BIRTHRATE,Tasso di natalità (per mille abitanti),2025,6.2,p,Dato provvisorio,,,TIPO_DATO15__BIRTHRATE_N1,'Rapporto tra il numero dei nati vivi dell’anno e l’ammontare medio della popolazione residente, moltiplicato per 1.000',,,,,,
A,Annuale,ITC4A,Cremona,LIFEEXP65T,Speranza di vita a 65 anni - totale,2025,21.2,e,Dato stimato,,,TIPO_DATO15__LIFEEXP65T_N1,'Numero medio di anni che restano da vivere a un 65enne (entrambi i sessi), nell’ipotesi in cui, nel corso della propria esistenza, fosse sottoposto ai rischi di mortalità per età che hanno caratterizzato l’anno di osservazione.',,,,,,
A,Annuale,ITC4B,Mantova,BIRTHRATE,Tasso di natalità (per mille abitanti),2025,6,p,Dato provvisorio,,,TIPO_DATO15__BIRTHRATE_N1,'Rapporto tra il numero dei nati vivi dell’anno e l’ammontare medio della popolazione residente, moltiplicato per 1.000',,,,,,
A,Annuale,ITC4B,Mantova,LIFEEXP65T,Speranza di vita a 65 anni - totale,2025,21.5,e,Dato stimato,,,TIPO_DATO15__LIFEEXP65T_N1,'Numero medio di anni che restano da vivere a un 65enne (entrambi i sessi), nell’ipotesi in cui, nel corso della propria esistenza, fosse sottoposto ai rischi di mortalità per età che hanno caratterizzato l’anno di osservazione.',,,,,,
A,Annuale,ITC43,Lecco,BIRTHRATE,Tasso di natalità (per mille abitanti),2025,5.9,p,Dato provvisorio,,,TIPO_DATO15__BIRTHRATE_N1,'Rapporto tra il numero dei nati vivi dell’anno e l’ammontare medio della popolazione residente, moltiplicato per 1.000',,,,,,
A,Annuale,ITC43,Lecco,LIFEEXP65T,Speranza di vita a 65 anni - totale,2025,22,e,Dato stimato,,,TIPO_DATO15__LIFEEXP65T_N1,'Numero medio di anni che restano da vivere a un 65enne (entrambi i sessi), nell’ipotesi in cui, nel corso della propria esistenza, fosse sottoposto ai rischi di mortalità per età che hanno caratterizzato l’anno di osservazione.',,,,,,
A,Annuale,ITC49,Lodi,BIRTHRATE,Tasso di natalità (per mille abitanti),2025,5.9,p,Dato provvisorio,,,TIPO_DATO15__BIRTHRATE_N1,'Rapporto tra il numero dei nati vivi dell’anno e l’ammontare medio della popolazione residente, moltiplicato per 1.000',,,,,,
A,Annuale,ITC49,Lodi,LIFEEXP65T,Speranza di vita a 65 anni - totale,2025,21.1,e,Dato stimato,,,TIPO_DATO15__LIFEEXP65T_N1,'Numero medio di anni che restano da vivere a un 65enne (entrambi i sessi), nell’ipotesi in cui, nel corso della propria esistenza, fosse sottoposto ai rischi di mortalità per età che hanno caratterizzato l’anno di osservazione.',,,,,,
A,Annuale,IT108,Monza e della Brianza,BIRTHRATE,Tasso di natalità (per mille abitanti),2025,6.2,p,Dato provvisorio,,,TIPO_DATO15__BIRTHRATE_N1,'Rapporto tra il numero dei nati vivi dell’anno e l’ammontare medio della popolazione residente, moltiplicato per 1.000',,,,,,
A,Annuale,IT108,Monza e della Brianza,LIFEEXP65T,Speranza di vita a 65 anni - totale,2025,22,e,Dato stimato,,,TIPO_DATO15__LIFEEXP65T_N1,'Numero medio di anni che restano da vivere a un 65enne (entrambi i sessi), nell’ipotesi in cui, nel corso della propria esistenza, fosse sottoposto ai rischi di mortalità per età che hanno caratterizzato l’anno di osservazione.',,,,,,
A,Annuale,ITD10,Bolzano / Bozen,BIRTHRATE,Tasso di natalità (per mille abitanti),2025,8.6,p,Dato provvisorio,,,TIPO_DATO15__BIRTHRATE_N1,'Rapporto tra il numero dei nati vivi dell’anno e l’ammontare medio della popolazione residente, moltiplicato per 1.000',,,,,,
A,Annuale,ITD10,Bolzano / Bozen,LIFEEXP65T,Speranza di vita a 65 anni - totale,2025,22.2,e,Dato stimato,,,TIPO_DATO15__LIFEEXP65T_N1,'Numero medio di anni che restano da vivere a un 65enne (entrambi i sessi), nell’ipotesi in cui, nel corso della propria esistenza, fosse sottoposto ai rischi di mortalità per età che hanno caratterizzato l’anno di osservazione.',,,,,,
A,Annuale,ITD20,Trento,BIRTHRATE,Tasso di natalità (per mille abitanti),2025,6.8,p,Dato provvisorio,,,TIPO_DATO15__BIRTHRATE_N1,'Rapporto tra il numero dei nati vivi dell’anno e l’ammontare medio della popolazione residente, moltiplicato per 1.000',,,,,,
A,Annuale,ITD20,Trento,LIFEEXP65T,Speranza di vita a 65 anni - totale,2025,22.5,e,Dato stimato,,,TIPO_DATO15__LIFEEXP65T_N1,'Numero medio di anni che restano da vivere a un 65enne (entrambi i sessi), nell’ipotesi in cui, nel corso della propria esistenza, fosse sottoposto ai rischi di mortalità per età che hanno caratterizzato l’anno di osservazione.',,,,,,
A,Annuale,ITD31,Verona,BIRTHRATE,Tasso di natalità (per mille abitanti),2025,6.4,p,Dato provvisorio,,,TIPO_DATO15__BIRTHRATE_N1,'Rapporto tra il numero dei nati vivi dell’anno e l’ammontare medio della popolazione residente, moltiplicato per 1.000',,,,,,
A,Annuale,ITD31,Verona,LIFEEXP65T,Speranza di vita a 65 anni - totale,2025,22.1,e,Dato stimato,,,TIPO_DATO15__LIFEEXP65T_N1,'Numero medio di anni che restano da vivere a un 65enne (entrambi i sessi), nell’ipotesi in cui, nel corso della propria esistenza, fosse sottoposto ai rischi di mortalità per età che hanno caratterizzato l’anno di osservazione.',,,,,,
A,Annuale,ITD32,Vicenza,BIRTHRATE,Tasso di natalità (per mille abitanti),2025,6.4,p,Dato provvisorio,,,TIPO_DATO15__BIRTHRATE_N1,'Rapporto tra il numero dei nati vivi dell’anno e l’ammontare medio della popolazione residente, moltiplicato per 1.000',,,,,,
A,Annuale,ITD32,Vicenza,LIFEEXP65T,Speranza di vita a 65 anni - totale,2025,22.2,e,Dato stimato,,,TIPO_DATO15__LIFEEXP65T_N1,'Numero medio di anni che restano da vivere a un 65enne (entrambi i sessi), nell’ipotesi in cui, nel corso della propria esistenza, fosse sottoposto ai rischi di mortalità per età che hanno caratterizzato l’anno di osservazione.',,,,,,
A,Annuale,ITD33,Belluno,BIRTHRATE,Tasso di natalità (per mille abitanti),2025,5.3,p,Dato provvisorio,,,TIPO_DATO15__BIRTHRATE_N1,'Rapporto tra il numero dei nati vivi dell’anno e l’ammontare medio della popolazione residente, moltiplicato per 1.000',,,,,,
A,Annuale,ITD33,Belluno,LIFEEXP65T,Speranza di vita a 65 anni - totale,2025,21.5,e,Dato stimato,,,TIPO_DATO15__LIFEEXP65T_N1,'Numero medio di anni che restano da vivere a un 65enne (entrambi i sessi), nell’ipotesi in cui, nel corso della propria esistenza, fosse sottoposto ai rischi di mortalità per età che hanno caratterizzato l’anno di osservazione.',,,,,,
A,Annuale,ITD34,Treviso,BIRTHRATE,Tasso di natalità (per mille abitanti),2025,6.2,p,Dato provvisorio,,,TIPO_DATO15__BIRTHRATE_N1,'Rapporto tra il numero dei nati vivi dell’anno e l’ammontare medio della popolazione residente, moltiplicato per 1.000',,,,,,
A,Annuale,ITD34,Treviso,LIFEEXP65T,Speranza di vita a 65 anni - totale,2025,22.4,e,Dato stimato,,,TIPO_DATO15__LIFEEXP65T_N1,'Numero medio di anni che restano da vivere a un 65enne (entrambi i sessi), nell’ipotesi in cui, nel corso della propria esistenza, fosse sottoposto ai rischi di mortalità per età che hanno caratterizzato l’anno di osservazione.',,,,,,
A,Annuale,ITD35,Venezia,BIRTHRATE,Tasso di natalità (per mille abitanti),2025,5.4,p,Dato provvisorio,,,TIPO_DATO15__BIRTHRATE_N1,'Rapporto tra il numero dei nati vivi dell’anno e l’ammontare medio della popolazione residente, moltiplicato per 1.000',,,,,,
A,Annuale,ITD35,Venezia,LIFEEXP65T,Speranza di vita a 65 anni - totale,2025,21.8,e,Dato stimato,,,TIPO_DATO15__LIFEEXP65T_N1,'Numero medio di anni che restano da vivere a un 65enne (entrambi i sessi), nell’ipotesi in cui, nel corso della propria esistenza, fosse sottoposto ai rischi di mortalità per età che hanno caratterizzato l’anno di osservazione.',,,,,,
A,Annuale,ITD36,Padova,BIRTHRATE,Tasso di natalità (per mille abitanti),2025,5.7,p,Dato provvisorio,,,TIPO_DATO15__BIRTHRATE_N1,'Rapporto tra il numero dei nati vivi dell’anno e l’ammontare medio della popolazione residente, moltiplicato per 1.000',,,,,,
A,Annuale,ITD36,Padova,LIFEEXP65T,Speranza di vita a 65 anni - totale,2025,22.3,e,Dato stimato,,,TIPO_DATO15__LIFEEXP65T_N1,'Numero medio di anni che restano da vivere a un 65enne (entrambi i sessi), nell’ipotesi in cui, nel corso della propria esistenza, fosse sottoposto ai rischi di mortalità per età che hanno caratterizzato l’anno di osservazione.',,,,,,
A,Annuale,ITD37,Rovigo,BIRTHRATE,Tasso di natalità (per mille abitanti),2025,5,p,Dato provvisorio,,,TIPO_DATO15__BIRTHRATE_N1,'Rapporto tra il numero dei nati vivi dell’anno e l’ammontare medio della popolazione residente, moltiplicato per 1.000',,,,,,
A,Annuale,ITD37,Rovigo,LIFEEXP65T,Speranza di vita a 65 anni - totale,2025,21.2,e,Dato stimato,,,TIPO_DATO15__LIFEEXP65T_N1,'Numero medio di anni che restano da vivere a un 65enne (entrambi i sessi), nell’ipotesi in cui, nel corso della propria esistenza, fosse sottoposto ai rischi di mortalità per età che hanno caratterizzato l’anno di osservazione.',,,,,,
A,Annuale,ITD42,Udine,BIRTHRATE,Tasso di natalità (per mille abitanti),2025,5.1,p,Dato provvisorio,,,TIPO_DATO15__BIRTHRATE_N1,'Rapporto tra il numero dei nati vivi dell’anno e l’ammontare medio della popolazione residente, moltiplicato per 1.000',,,,,,
A,Annuale,ITD42,Udine,LIFEEXP65T,Speranza di vita a 65 anni - totale,2025,21.8,e,Dato stimato,,,TIPO_DATO15__LIFEEXP65T_N1,'Numero medio di anni che restano da vivere a un 65enne (entrambi i sessi), nell’ipotesi in cui, nel corso della propria esistenza, fosse sottoposto ai rischi di mortalità per età che hanno caratterizzato l’anno di osservazione.',,,,,,
A,Annuale,ITD43,Gorizia,BIRTHRATE,Tasso di natalità (per mille abitanti),2025,6.4,p,Dato provvisorio,,,TIPO_DATO15__BIRTHRATE_N1,'Rapporto tra il numero dei nati vivi dell’anno e l’ammontare medio della popolazione residente, moltiplicato per 1.000',,,,,,
A,Annuale,ITD43,Gorizia,LIFEEXP65T,Speranza di vita a 65 anni - totale,2025,21.8,e,Dato stimato,,,TIPO_DATO15__LIFEEXP65T_N1,'Numero medio di anni che restano da vivere a un 65enne (entrambi i sessi), nell’ipotesi in cui, nel corso della propria esistenza, fosse sottoposto ai rischi di mortalità per età che hanno caratterizzato l’anno di osservazione.',,,,,,
A,Annuale,ITD44,Trieste,BIRTHRATE,Tasso di natalità (per mille abitanti),2025,5.8,p,Dato provvisorio,,,TIPO_DATO15__BIRTHRATE_N1,'Rapporto tra il numero dei nati vivi dell’anno e l’ammontare medio della popolazione residente, moltiplicato per 1.000',,,,,,
A,Annuale,ITD44,Trieste,LIFEEXP65T,Speranza di vita a 65 anni - totale,2025,21.6,e,Dato stimato,,,TIPO_DATO15__LIFEEXP65T_N1,'Numero medio di anni che restano da vivere a un 65enne (entrambi i sessi), nell’ipotesi in cui, nel corso della propria esistenza, fosse sottoposto ai rischi di mortalità per età che hanno caratterizzato l’anno di osservazione.',,,,,,
A,Annuale,ITD41,Pordenone,BIRTHRATE,Tasso di natalità (per mille abitanti),2025,5.9,p,Dato provvisorio,,,TIPO_DATO15__BIRTHRATE_N1,'Rapporto tra il numero dei nati vivi dell’anno e l’ammontare medio della popolazione residente, moltiplicato per 1.000',,,,,,
A,Annuale,ITD41,Pordenone,LIFEEXP65T,Speranza di vita a 65 anni - totale,2025,22.2,e,Dato stimato,,,TIPO_DATO15__LIFEEXP65T_N1,'Numero medio di anni che restano da vivere a un 65enne (entrambi i sessi), nell’ipotesi in cui, nel corso della propria esistenza, fosse sottoposto ai rischi di mortalità per età che hanno caratterizzato l’anno di osservazione.',,,,,,
A,Annuale,ITD51,Piacenza,BIRTHRATE,Tasso di natalità (per mille abitanti),2025,6.6,p,Dato provvisorio,,,TIPO_DATO15__BIRTHRATE_N1,'Rapporto tra il numero dei nati vivi dell’anno e l’ammontare medio della popolazione residente, moltiplicato per 1.000',,,,,,
A,Annuale,ITD51,Piacenza,LIFEEXP65T,Speranza di vita a 65 anni - totale,2025,21.5,e,Dato stimato,,,TIPO_DATO15__LIFEEXP65T_N1,'Numero medio di anni che restano da vivere a un 65enne (entrambi i sessi), nell’ipotesi in cui, nel corso della propria esistenza, fosse sottoposto ai rischi di mortalità per età che hanno caratterizzato l’anno di osservazione.',,,,,,
A,Annuale,ITD52,Parma,BIRTHRATE,Tasso di natalità (per mille abitanti),2025,6.7,p,Dato provvisorio,,,TIPO_DATO15__BIRTHRATE_N1,'Rapporto tra il numero dei nati vivi dell’anno e l’ammontare medio della popolazione residente, moltiplicato per 1.000',,,,,,
A,Annuale,ITD52,Parma,LIFEEXP65T,Speranza di vita a 65 anni - totale,2025,21.5,e,Dato stimato,,,TIPO_DATO15__LIFEEXP65T_N1,'Numero medio di anni che restano da vivere a un 65enne (entrambi i sessi), nell’ipotesi in cui, nel corso della propria esistenza, fosse sottoposto ai rischi di mortalità per età che hanno caratterizzato l’anno di osservazione.',,,,,,
A,Annuale,ITD53,'Reggio nell"'Emilia',BIRTHRATE,Tasso di natalità (per mille abitanti),2025,6.4,p,Dato provvisorio,,,TIPO_DATO15__BIRTHRATE_N1,'Rapporto tra il numero dei nati vivi dell’anno e l’ammontare medio della popolazione residente, moltiplicato per 1.000',,,,,,
A,Annuale,ITD53,'Reggio nell"'Emilia',LIFEEXP65T,Speranza di vita a 65 anni - totale,2025,21.6,e,Dato stimato,,,TIPO_DATO15__LIFEEXP65T_N1,'Numero medio di anni che restano da vivere a un 65enne (entrambi i sessi), nell’ipotesi in cui, nel corso della propria esistenza, fosse sottoposto ai rischi di mortalità per età che hanno caratterizzato l’anno di osservazione.',,,,,,
A,Annuale,ITD54,Modena,BIRTHRATE,Tasso di natalità (per mille abitanti),2025,6.7,p,Dato provvisorio,,,TIPO_DATO15__BIRTHRATE_N1,'Rapporto tra il numero dei nati vivi dell’anno e l’ammontare medio della popolazione residente, moltiplicato per 1.000',,,,,,
A,Annuale,ITD54,Modena,LIFEEXP65T,Speranza di vita a 65 anni - totale,2025,21.8,e,Dato stimato,,,TIPO_DATO15__LIFEEXP65T_N1,'Numero medio di anni che restano da vivere a un 65enne (entrambi i sessi), nell’ipotesi in cui, nel corso della propria esistenza, fosse sottoposto ai rischi di mortalità per età che hanno caratterizzato l’anno di osservazione.',,,,,,
A,Annuale,ITD55,Bologna,BIRTHRATE,Tasso di natalità (per mille abitanti),2025,6.1,p,Dato provvisorio,,,TIPO_DATO15__BIRTHRATE_N1,'Rapporto tra il numero dei nati vivi dell’anno e l’ammontare medio della popolazione residente, moltiplicato per 1.000',,,,,,
A,Annuale,ITD55,Bologna,LIFEEXP65T,Speranza di vita a 65 anni - totale,2025,22,e,Dato stimato,,,TIPO_DATO15__LIFEEXP65T_N1,'Numero medio di anni che restano da vivere a un 65enne (entrambi i sessi), nell’ipotesi in cui, nel corso della propria esistenza, fosse sottoposto ai rischi di mortalità per età che hanno caratterizzato l’anno di osservazione.',,,,,,
A,Annuale,ITD56,Ferrara,BIRTHRATE,Tasso di natalità (per mille abitanti),2025,5,p,Dato provvisorio,,,TIPO_DATO15__BIRTHRATE_N1,'Rapporto tra il numero dei nati vivi dell’anno e l’ammontare medio della popolazione residente, moltiplicato per 1.000',,,,,,
A,Annuale,ITD56,Ferrara,LIFEEXP65T,Speranza di vita a 65 anni - totale,2025,21.4,e,Dato stimato,,,TIPO_DATO15__LIFEEXP65T_N1,'Numero medio di anni che restano da vivere a un 65enne (entrambi i sessi), nell’ipotesi in cui, nel corso della propria esistenza, fosse sottoposto ai rischi di mortalità per età che hanno caratterizzato l’anno di osservazione.',,,,,,
A,Annuale,ITD57,Ravenna,BIRTHRATE,Tasso di natalità (per mille abitanti),2025,5.2,p,Dato provvisorio,,,TIPO_DATO15__BIRTHRATE_N1,'Rapporto tra il numero dei nati vivi dell’anno e l’ammontare medio della popolazione residente, moltiplicato per 1.000',,,,,,
A,Annuale,ITD57,Ravenna,LIFEEXP65T,Speranza di vita a 65 anni - totale,2025,21.7,e,Dato stimato,,,TIPO_DATO15__LIFEEXP65T_N1,'Numero medio di anni che restano da vivere a un 65enne (entrambi i sessi), nell’ipotesi in cui, nel corso della propria esistenza, fosse sottoposto ai rischi di mortalità per età che hanno caratterizzato l’anno di osservazione.',,,,,,
A,Annuale,ITD58,Forlì-Cesena,BIRTHRATE,Tasso di natalità (per mille abitanti),2025,5.5,p,Dato provvisorio,,,TIPO_DATO15__BIRTHRATE_N1,'Rapporto tra il numero dei nati vivi dell’anno e l’ammontare medio della popolazione residente, moltiplicato per 1.000',,,,,,
A,Annuale,ITD58,Forlì-Cesena,LIFEEXP65T,Speranza di vita a 65 anni - totale,2025,22,e,Dato stimato,,,TIPO_DATO15__LIFEEXP65T_N1,'Numero medio di anni che restano da vivere a un 65enne (entrambi i sessi), nell’ipotesi in cui, nel corso della propria esistenza, fosse sottoposto ai rischi di mortalità per età che hanno caratterizzato l’anno di osservazione.',,,,,,
A,Annuale,ITD59,Rimini,BIRTHRATE,Tasso di natalità (per mille abitanti),2025,5.1,p,Dato provvisorio,,,TIPO_DATO15__BIRTHRATE_N1,'Rapporto tra il numero dei nati vivi dell’anno e l’ammontare medio della popolazione residente, moltiplicato per 1.000',,,,,,
A,Annuale,ITD59,Rimini,LIFEEXP65T,Speranza di vita a 65 anni - totale,2025,22.5,e,Dato stimato,,,TIPO_DATO15__LIFEEXP65T_N1,'Numero medio di anni che restano da vivere a un 65enne (entrambi i sessi), nell’ipotesi in cui, nel corso della propria esistenza, fosse sottoposto ai rischi di mortalità per età che hanno caratterizzato l’anno di osservazione.',,,,,,
A,Annuale,ITE11,Massa-Carrara,BIRTHRATE,Tasso di natalità (per mille abitanti),2025,4.7,p,Dato provvisorio,,,TIPO_DATO15__BIRTHRATE_N1,'Rapporto tra il numero dei nati vivi dell’anno e l’ammontare medio della popolazione residente, moltiplicato per 1.000',,,,,,
A,Annuale,ITE11,Massa-Carrara,LIFEEXP65T,Speranza di vita a 65 anni - totale,2025,21.7,e,Dato stimato,,,TIPO_DATO15__LIFEEXP65T_N1,'Numero medio di anni che restano da vivere a un 65enne (entrambi i sessi), nell’ipotesi in cui, nel corso della propria esistenza, fosse sottoposto ai rischi di mortalità per età che hanno caratterizzato l’anno di osservazione.',,,,,,
A,Annuale,ITE12,Lucca,BIRTHRATE,Tasso di natalità (per mille abitanti),2025,5,p,Dato provvisorio,,,TIPO_DATO15__BIRTHRATE_N1,'Rapporto tra il numero dei nati vivi dell’anno e l’ammontare medio della popolazione residente, moltiplicato per 1.000',,,,,,
A,Annuale,ITE12,Lucca,LIFEEXP65T,Speranza di vita a 65 anni - totale,2025,21.4,e,Dato stimato,,,TIPO_DATO15__LIFEEXP65T_N1,'Numero medio di anni che restano da vivere a un 65enne (entrambi i sessi), nell’ipotesi in cui, nel corso della propria esistenza, fosse sottoposto ai rischi di mortalità per età che hanno caratterizzato l’anno di osservazione.',,,,,,
A,Annuale,ITE13,Pistoia,BIRTHRATE,Tasso di natalità (per mille abitanti),2025,5.4,p,Dato provvisorio,,,TIPO_DATO15__BIRTHRATE_N1,'Rapporto tra il numero dei nati vivi dell’anno e l’ammontare medio della popolazione residente, moltiplicato per 1.000',,,,,,
A,Annuale,ITE13,Pistoia,LIFEEXP65T,Speranza di vita a 65 anni - totale,2025,22.2,e,Dato stimato,,,TIPO_DATO15__LIFEEXP65T_N1,'Numero medio di anni che restano da vivere a un 65enne (entrambi i sessi), nell’ipotesi in cui, nel corso della propria esistenza, fosse sottoposto ai rischi di mortalità per età che hanno caratterizzato l’anno di osservazione.',,,,,,
A,Annuale,ITE14,Firenze,BIRTHRATE,Tasso di natalità (per mille abitanti),2025,5.8,p,Dato provvisorio,,,TIPO_DATO15__BIRTHRATE_N1,'Rapporto tra il numero dei nati vivi dell’anno e l’ammontare medio della popolazione residente, moltiplicato per 1.000',,,,,,
A,Annuale,ITE14,Firenze,LIFEEXP65T,Speranza di vita a 65 anni - totale,2025,22.4,e,Dato stimato,,,TIPO_DATO15__LIFEEXP65T_N1,'Numero medio di anni che restano da vivere a un 65enne (entrambi i sessi), nell’ipotesi in cui, nel corso della propria esistenza, fosse sottoposto ai rischi di mortalità per età che hanno caratterizzato l’anno di osservazione.',,,,,,
A,Annuale,ITE16,Livorno,BIRTHRATE,Tasso di natalità (per mille abitanti),2025,4.9,p,Dato provvisorio,,,TIPO_DATO15__BIRTHRATE_N1,'Rapporto tra il numero dei nati vivi dell’anno e l’ammontare medio della popolazione residente, moltiplicato per 1.000',,,,,,
A,Annuale,ITE16,Livorno,LIFEEXP65T,Speranza di vita a 65 anni - totale,2025,21.5,e,Dato stimato,,,TIPO_DATO15__LIFEEXP65T_N1,'Numero medio di anni che restano da vivere a un 65enne (entrambi i sessi), nell’ipotesi in cui, nel corso della propria esistenza, fosse sottoposto ai rischi di mortalità per età che hanno caratterizzato l’anno di osservazione.',,,,,,
A,Annuale,ITE17,Pisa,BIRTHRATE,Tasso di natalità (per mille abitanti),2025,5.9,p,Dato provvisorio,,,TIPO_DATO15__BIRTHRATE_N1,'Rapporto tra il numero dei nati vivi dell’anno e l’ammontare medio della popolazione residente, moltiplicato per 1.000',,,,,,
A,Annuale,ITE17,Pisa,LIFEEXP65T,Speranza di vita a 65 anni - totale,2025,21.6,e,Dato stimato,,,TIPO_DATO15__LIFEEXP65T_N1,'Numero medio di anni che restano da vivere a un 65enne (entrambi i sessi), nell’ipotesi in cui, nel corso della propria esistenza, fosse sottoposto ai rischi di mortalità per età che hanno caratterizzato l’anno di osservazione.',,,,,,
A,Annuale,ITE18,Arezzo,BIRTHRATE,Tasso di natalità (per mille abitanti),2025,5.7,p,Dato provvisorio,,,TIPO_DATO15__BIRTHRATE_N1,'Rapporto tra il numero dei nati vivi dell’anno e l’ammontare medio della popolazione residente, moltiplicato per 1.000',,,,,,
A,Annuale,ITE18,Arezzo,LIFEEXP65T,Speranza di vita a 65 anni - totale,2025,21.6,e,Dato stimato,,,TIPO_DATO15__LIFEEXP65T_N1,'Numero medio di anni che restano da vivere a un 65enne (entrambi i sessi), nell’ipotesi in cui, nel corso della propria esistenza, fosse sottoposto ai rischi di mortalità per età che hanno caratterizzato l’anno di osservazione.',,,,,,
A,Annuale,ITE19,Siena,BIRTHRATE,Tasso di natalità (per mille abitanti),2025,5.6,p,Dato provvisorio,,,TIPO_DATO15__BIRTHRATE_N1,'Rapporto tra il numero dei nati vivi dell’anno e l’ammontare medio della popolazione residente, moltiplicato per 1.000',,,,,,
A,Annuale,ITE19,Siena,LIFEEXP65T,Speranza di vita a 65 anni - totale,2025,22.1,e,Dato stimato,,,TIPO_DATO15__LIFEEXP65T_N1,'Numero medio di anni che restano da vivere a un 65enne (entrambi i sessi), nell’ipotesi in cui, nel corso della propria esistenza, fosse sottoposto ai rischi di mortalità per età che hanno caratterizzato l’anno di osservazione.',,,,,,
A,Annuale,ITE1A,Grosseto,BIRTHRATE,Tasso di natalità (per mille abitanti),2025,4.7,p,Dato provvisorio,,,TIPO_DATO15__BIRTHRATE_N1,'Rapporto tra il numero dei nati vivi dell’anno e l’ammontare medio della popolazione residente, moltiplicato per 1.000',,,,,,
A,Annuale,ITE1A,Grosseto,LIFEEXP65T,Speranza di vita a 65 anni - totale,2025,21.5,e,Dato stimato,,,TIPO_DATO15__LIFEEXP65T_N1,'Numero medio di anni che restano da vivere a un 65enne (entrambi i sessi), nell’ipotesi in cui, nel corso della propria esistenza, fosse sottoposto ai rischi di mortalità per età che hanno caratterizzato l’anno di osservazione.',,,,,,
A,Annuale,ITE15,Prato,BIRTHRATE,Tasso di natalità (per mille abitanti),2025,5.3,p,Dato provvisorio,,,TIPO_DATO15__BIRTHRATE_N1,'Rapporto tra il numero dei nati vivi dell’anno e l’ammontare medio della popolazione residente, moltiplicato per 1.000',,,,,,
A,Annuale,ITE15,Prato,LIFEEXP65T,Speranza di vita a 65 anni - totale,2025,22.3,e,Dato stimato,,,TIPO_DATO15__LIFEEXP65T_N1,'Numero medio di anni che restano da vivere a un 65enne (entrambi i sessi), nell’ipotesi in cui, nel corso della propria esistenza, fosse sottoposto ai rischi di mortalità per età che hanno caratterizzato l’anno di osservazione.',,,,,,
A,Annuale,ITE21,Perugia,BIRTHRATE,Tasso di natalità (per mille abitanti),2025,5.3,p,Dato provvisorio,,,TIPO_DATO15__BIRTHRATE_N1,'Rapporto tra il numero dei nati vivi dell’anno e l’ammontare medio della popolazione residente, moltiplicato per 1.000',,,,,,
A,Annuale,ITE21,Perugia,LIFEEXP65T,Speranza di vita a 65 anni - totale,2025,22.2,e,Dato stimato,,,TIPO_DATO15__LIFEEXP65T_N1,'Numero medio di anni che restano da vivere a un 65enne (entrambi i sessi), nell’ipotesi in cui, nel corso della propria esistenza, fosse sottoposto ai rischi di mortalità per età che hanno caratterizzato l’anno di osservazione.',,,,,,
A,Annuale,ITE22,Terni,BIRTHRATE,Tasso di natalità (per mille abitanti),2025,5,p,Dato provvisorio,,,TIPO_DATO15__BIRTHRATE_N1,'Rapporto tra il numero dei nati vivi dell’anno e l’ammontare medio della popolazione residente, moltiplicato per 1.000',,,,,,
A,Annuale,ITE22,Terni,LIFEEXP65T,Speranza di vita a 65 anni - totale,2025,21.5,e,Dato stimato,,,TIPO_DATO15__LIFEEXP65T_N1,'Numero medio di anni che restano da vivere a un 65enne (entrambi i sessi), nell’ipotesi in cui, nel corso della propria esistenza, fosse sottoposto ai rischi di mortalità per età che hanno caratterizzato l’anno di osservazione.',,,,,,
A,Annuale,ITE31,Pesaro e Urbino,BIRTHRATE,Tasso di natalità (per mille abitanti),2025,5.4,p,Dato provvisorio,,,TIPO_DATO15__BIRTHRATE_N1,'Rapporto tra il numero dei nati vivi dell’anno e l’ammontare medio della popolazione residente, moltiplicato per 1.000',,,,,,
A,Annuale,ITE31,Pesaro e Urbino,LIFEEXP65T,Speranza di vita a 65 anni - totale,2025,21.8,e,Dato stimato,,,TIPO_DATO15__LIFEEXP65T_N1,'Numero medio di anni che restano da vivere a un 65enne (entrambi i sessi), nell’ipotesi in cui, nel corso della propria esistenza, fosse sottoposto ai rischi di mortalità per età che hanno caratterizzato l’anno di osservazione.',,,,,,
A,Annuale,ITE32,Ancona,BIRTHRATE,Tasso di natalità (per mille abitanti),2025,5.7,p,Dato provvisorio,,,TIPO_DATO15__BIRTHRATE_N1,'Rapporto tra il numero dei nati vivi dell’anno e l’ammontare medio della popolazione residente, moltiplicato per 1.000',,,,,,
A,Annuale,ITE32,Ancona,LIFEEXP65T,Speranza di vita a 65 anni - totale,2025,22.3,e,Dato stimato,,,TIPO_DATO15__LIFEEXP65T_N1,'Numero medio di anni che restano da vivere a un 65enne (entrambi i sessi), nell’ipotesi in cui, nel corso della propria esistenza, fosse sottoposto ai rischi di mortalità per età che hanno caratterizzato l’anno di osservazione.',,,,,,
A,Annuale,ITE33,Macerata,BIRTHRATE,Tasso di natalità (per mille abitanti),2025,5.8,p,Dato provvisorio,,,TIPO_DATO15__BIRTHRATE_N1,'Rapporto tra il numero dei nati vivi dell’anno e l’ammontare medio della popolazione residente, moltiplicato per 1.000',,,,,,
A,Annuale,ITE33,Macerata,LIFEEXP65T,Speranza di vita a 65 anni - totale,2025,22,e,Dato stimato,,,TIPO_DATO15__LIFEEXP65T_N1,'Numero medio di anni che restano da vivere a un 65enne (entrambi i sessi), nell’ipotesi in cui, nel corso della propria esistenza, fosse sottoposto ai rischi di mortalità per età che hanno caratterizzato l’anno di osservazione.',,,,,,
A,Annuale,ITE34,Ascoli Piceno,BIRTHRATE,Tasso di natalità (per mille abitanti),2025,5.6,p,Dato provvisorio,,,TIPO_DATO15__BIRTHRATE_N1,'Rapporto tra il numero dei nati vivi dell’anno e l’ammontare medio della popolazione residente, moltiplicato per 1.000',,,,,,
A,Annuale,ITE34,Ascoli Piceno,LIFEEXP65T,Speranza di vita a 65 anni - totale,2025,22,e,Dato stimato,,,TIPO_DATO15__LIFEEXP65T_N1,'Numero medio di anni che restano da vivere a un 65enne (entrambi i sessi), nell’ipotesi in cui, nel corso della propria esistenza, fosse sottoposto ai rischi di mortalità per età che hanno caratterizzato l’anno di osservazione.',,,,,,
A,Annuale,IT109,Fermo,BIRTHRATE,Tasso di natalità (per mille abitanti),2025,5.2,p,Dato provvisorio,,,TIPO_DATO15__BIRTHRATE_N1,'Rapporto tra il numero dei nati vivi dell’anno e l’ammontare medio della popolazione residente, moltiplicato per 1.000',,,,,,
A,Annuale,IT109,Fermo,LIFEEXP65T,Speranza di vita a 65 anni - totale,2025,21.9,e,Dato stimato,,,TIPO_DATO15__LIFEEXP65T_N1,'Numero medio di anni che restano da vivere a un 65enne (entrambi i sessi), nell’ipotesi in cui, nel corso della propria esistenza, fosse sottoposto ai rischi di mortalità per età che hanno caratterizzato l’anno di osservazione.',,,,,,
A,Annuale,ITE41,Viterbo,BIRTHRATE,Tasso di natalità (per mille abitanti),2025,4.8,p,Dato provvisorio,,,TIPO_DATO15__BIRTHRATE_N1,'Rapporto tra il numero dei nati vivi dell’anno e l’ammontare medio della popolazione residente, moltiplicato per 1.000',,,,,,
A,Annuale,ITE41,Viterbo,LIFEEXP65T,Speranza di vita a 65 anni - totale,2025,21.1,e,Dato stimato,,,TIPO_DATO15__LIFEEXP65T_N1,'Numero medio di anni che restano da vivere a un 65enne (entrambi i sessi), nell’ipotesi in cui, nel corso della propria esistenza, fosse sottoposto ai rischi di mortalità per età che hanno caratterizzato l’anno di osservazione.',,,,,,
A,Annuale,ITE42,Rieti,BIRTHRATE,Tasso di natalità (per mille abitanti),2025,5.2,p,Dato provvisorio,,,TIPO_DATO15__BIRTHRATE_N1,'Rapporto tra il numero dei nati vivi dell’anno e l’ammontare medio della popolazione residente, moltiplicato per 1.000',,,,,,
A,Annuale,ITE42,Rieti,LIFEEXP65T,Speranza di vita a 65 anni - totale,2025,21.3,e,Dato stimato,,,TIPO_DATO15__LIFEEXP65T_N1,'Numero medio di anni che restano da vivere a un 65enne (entrambi i sessi), nell’ipotesi in cui, nel corso della propria esistenza, fosse sottoposto ai rischi di mortalità per età che hanno caratterizzato l’anno di osservazione.',,,,,,
A,Annuale,ITE43,Roma,BIRTHRATE,Tasso di natalità (per mille abitanti),2025,5.6,p,Dato provvisorio,,,TIPO_DATO15__BIRTHRATE_N1,'Rapporto tra il numero dei nati vivi dell’anno e l’ammontare medio della popolazione residente, moltiplicato per 1.000',,,,,,
A,Annuale,ITE43,Roma,LIFEEXP65T,Speranza di vita a 65 anni - totale,2025,21.6,e,Dato stimato,,,TIPO_DATO15__LIFEEXP65T_N1,'Numero medio di anni che restano da vivere a un 65enne (entrambi i sessi), nell’ipotesi in cui, nel corso della propria esistenza, fosse sottoposto ai rischi di mortalità per età che hanno caratterizzato l’anno di osservazione.',,,,,,
A,Annuale,ITE44,Latina,BIRTHRATE,Tasso di natalità (per mille abitanti),2025,5.9,p,Dato provvisorio,,,TIPO_DATO15__BIRTHRATE_N1,'Rapporto tra il numero dei nati vivi dell’anno e l’ammontare medio della popolazione residente, moltiplicato per 1.000',,,,,,
A,Annuale,ITE44,Latina,LIFEEXP65T,Speranza di vita a 65 anni - totale,2025,21.1,e,Dato stimato,,,TIPO_DATO15__LIFEEXP65T_N1,'Numero medio di anni che restano da vivere a un 65enne (entrambi i sessi), nell’ipotesi in cui, nel corso della propria esistenza, fosse sottoposto ai rischi di mortalità per età che hanno caratterizzato l’anno di osservazione.',,,,,,
A,Annuale,ITE45,Frosinone,BIRTHRATE,Tasso di natalità (per mille abitanti),2025,5.2,p,Dato provvisorio,,,TIPO_DATO15__BIRTHRATE_N1,'Rapporto tra il numero dei nati vivi dell’anno e l’ammontare medio della popolazione residente, moltiplicato per 1.000',,,,,,
A,Annuale,ITE45,Frosinone,LIFEEXP65T,Speranza di vita a 65 anni - totale,2025,20.9,e,Dato stimato,,,TIPO_DATO15__LIFEEXP65T_N1,'Numero medio di anni che restano da vivere a un 65enne (entrambi i sessi), nell’ipotesi in cui, nel corso della propria esistenza, fosse sottoposto ai rischi di mortalità per età che hanno caratterizzato l’anno di osservazione.',,,,,,
A,Annuale,ITF11,'L"'Aquila',BIRTHRATE,Tasso di natalità (per mille abitanti),2025,5.3,p,Dato provvisorio,,,TIPO_DATO15__BIRTHRATE_N1,'Rapporto tra il numero dei nati vivi dell’anno e l’ammontare medio della popolazione residente, moltiplicato per 1.000',,,,,,
A,Annuale,ITF11,'L"'Aquila',LIFEEXP65T,Speranza di vita a 65 anni - totale,2025,21.5,e,Dato stimato,,,TIPO_DATO15__LIFEEXP65T_N1,'Numero medio di anni che restano da vivere a un 65enne (entrambi i sessi), nell’ipotesi in cui, nel corso della propria esistenza, fosse sottoposto ai rischi di mortalità per età che hanno caratterizzato l’anno di osservazione.',,,,,,
A,Annuale,ITF12,Teramo,BIRTHRATE,Tasso di natalità (per mille abitanti),2025,5.6,p,Dato provvisorio,,,TIPO_DATO15__BIRTHRATE_N1,'Rapporto tra il numero dei nati vivi dell’anno e l’ammontare medio della popolazione residente, moltiplicato per 1.000',,,,,,
A,Annuale,ITF12,Teramo,LIFEEXP65T,Speranza di vita a 65 anni - totale,2025,21.6,e,Dato stimato,,,TIPO_DATO15__LIFEEXP65T_N1,'Numero medio di anni che restano da vivere a un 65enne (entrambi i sessi), nell’ipotesi in cui, nel corso della propria esistenza, fosse sottoposto ai rischi di mortalità per età che hanno caratterizzato l’anno di osservazione.',,,,,,
A,Annuale,ITF13,Pescara,BIRTHRATE,Tasso di natalità (per mille abitanti),2025,5.6,p,Dato provvisorio,,,TIPO_DATO15__BIRTHRATE_N1,'Rapporto tra il numero dei nati vivi dell’anno e l’ammontare medio della popolazione residente, moltiplicato per 1.000',,,,,,
A,Annuale,ITF13,Pescara,LIFEEXP65T,Speranza di vita a 65 anni - totale,2025,21.2,e,Dato stimato,,,TIPO_DATO15__LIFEEXP65T_N1,'Numero medio di anni che restano da vivere a un 65enne (entrambi i sessi), nell’ipotesi in cui, nel corso della propria esistenza, fosse sottoposto ai rischi di mortalità per età che hanno caratterizzato l’anno di osservazione.',,,,,,
A,Annuale,ITF14,Chieti,BIRTHRATE,Tasso di natalità (per mille abitanti),2025,5.4,p,Dato provvisorio,,,TIPO_DATO15__BIRTHRATE_N1,'Rapporto tra il numero dei nati vivi dell’anno e l’ammontare medio della popolazione residente, moltiplicato per 1.000',,,,,,
A,Annuale,ITF14,Chieti,LIFEEXP65T,Speranza di vita a 65 anni - totale,2025,21.6,e,Dato stimato,,,TIPO_DATO15__LIFEEXP65T_N1,'Numero medio di anni che restano da vivere a un 65enne (entrambi i sessi), nell’ipotesi in cui, nel corso della propria esistenza, fosse sottoposto ai rischi di mortalità per età che hanno caratterizzato l’anno di osservazione.',,,,,,
A,Annuale,ITF22,Campobasso,BIRTHRATE,Tasso di natalità (per mille abitanti),2025,5.2,p,Dato provvisorio,,,TIPO_DATO15__BIRTHRATE_N1,'Rapporto tra il numero dei nati vivi dell’anno e l’ammontare medio della popolazione residente, moltiplicato per 1.000',,,,,,
A,Annuale,ITF22,Campobasso,LIFEEXP65T,Speranza di vita a 65 anni - totale,2025,21.4,e,Dato stimato,,,TIPO_DATO15__LIFEEXP65T_N1,'Numero medio di anni che restano da vivere a un 65enne (entrambi i sessi), nell’ipotesi in cui, nel corso della propria esistenza, fosse sottoposto ai rischi di mortalità per età che hanno caratterizzato l’anno di osservazione.',,,,,,
A,Annuale,ITF21,Isernia,BIRTHRATE,Tasso di natalità (per mille abitanti),2025,5.2,p,Dato provvisorio,,,TIPO_DATO15__BIRTHRATE_N1,'Rapporto tra il numero dei nati vivi dell’anno e l’ammontare medio della popolazione residente, moltiplicato per 1.000',,,,,,
A,Annuale,ITF21,Isernia,LIFEEXP65T,Speranza di vita a 65 anni - totale,2025,20.7,e,Dato stimato,,,TIPO_DATO15__LIFEEXP65T_N1,'Numero medio di anni che restano da vivere a un 65enne (entrambi i sessi), nell’ipotesi in cui, nel corso della propria esistenza, fosse sottoposto ai rischi di mortalità per età che hanno caratterizzato l’anno di osservazione.',,,,,,
A,Annuale,ITF31,Caserta,BIRTHRATE,Tasso di natalità (per mille abitanti),2025,7.5,p,Dato provvisorio,,,TIPO_DATO15__BIRTHRATE_N1,'Rapporto tra il numero dei nati vivi dell’anno e l’ammontare medio della popolazione residente, moltiplicato per 1.000',,,,,,
A,Annuale,ITF31,Caserta,LIFEEXP65T,Speranza di vita a 65 anni - totale,2025,20.2,e,Dato stimato,,,TIPO_DATO15__LIFEEXP65T_N1,'Numero medio di anni che restano da vivere a un 65enne (entrambi i sessi), nell’ipotesi in cui, nel corso della propria esistenza, fosse sottoposto ai rischi di mortalità per età che hanno caratterizzato l’anno di osservazione.',,,,,,
A,Annuale,ITF32,Benevento,BIRTHRATE,Tasso di natalità (per mille abitanti),2025,5.9,p,Dato provvisorio,,,TIPO_DATO15__BIRTHRATE_N1,'Rapporto tra il numero dei nati vivi dell’anno e l’ammontare medio della popolazione residente, moltiplicato per 1.000',,,,,,
A,Annuale,ITF32,Benevento,LIFEEXP65T,Speranza di vita a 65 anni - totale,2025,20.8,e,Dato stimato,,,TIPO_DATO15__LIFEEXP65T_N1,'Numero medio di anni che restano da vivere a un 65enne (entrambi i sessi), nell’ipotesi in cui, nel corso della propria esistenza, fosse sottoposto ai rischi di mortalità per età che hanno caratterizzato l’anno di osservazione.',,,,,,
A,Annuale,ITF33,Napoli,BIRTHRATE,Tasso di natalità (per mille abitanti),2025,7.4,p,Dato provvisorio,,,TIPO_DATO15__BIRTHRATE_N1,'Rapporto tra il numero dei nati vivi dell’anno e l’ammontare medio della popolazione residente, moltiplicato per 1.000',,,,,,
A,Annuale,ITF33,Napoli,LIFEEXP65T,Speranza di vita a 65 anni - totale,2025,20,e,Dato stimato,,,TIPO_DATO15__LIFEEXP65T_N1,'Numero medio di anni che restano da vivere a un 65enne (entrambi i sessi), nell’ipotesi in cui, nel corso della propria esistenza, fosse sottoposto ai rischi di mortalità per età che hanno caratterizzato l’anno di osservazione.',,,,,,
A,Annuale,ITF34,Avellino,BIRTHRATE,Tasso di natalità (per mille abitanti),2025,6,p,Dato provvisorio,,,TIPO_DATO15__BIRTHRATE_N1,'Rapporto tra il numero dei nati vivi dell’anno e l’ammontare medio della popolazione residente, moltiplicato per 1.000',,,,,,
A,Annuale,ITF34,Avellino,LIFEEXP65T,Speranza di vita a 65 anni - totale,2025,20.6,e,Dato stimato,,,TIPO_DATO15__LIFEEXP65T_N1,'Numero medio di anni che restano da vivere a un 65enne (entrambi i sessi), nell’ipotesi in cui, nel corso della propria esistenza, fosse sottoposto ai rischi di mortalità per età che hanno caratterizzato l’anno di osservazione.',,,,,,
A,Annuale,ITF35,Salerno,BIRTHRATE,Tasso di natalità (per mille abitanti),2025,6.6,p,Dato provvisorio,,,TIPO_DATO15__BIRTHRATE_N1,'Rapporto tra il numero dei nati vivi dell’anno e l’ammontare medio della popolazione residente, moltiplicato per 1.000',,,,,,
A,Annuale,ITF35,Salerno,LIFEEXP65T,Speranza di vita a 65 anni - totale,2025,20.8,e,Dato stimato,,,TIPO_DATO15__LIFEEXP65T_N1,'Numero medio di anni che restano da vivere a un 65enne (entrambi i sessi), nell’ipotesi in cui, nel corso della propria esistenza, fosse sottoposto ai rischi di mortalità per età che hanno caratterizzato l’anno di osservazione.',,,,,,
A,Annuale,ITF41,Foggia,BIRTHRATE,Tasso di natalità (per mille abitanti),2025,6.3,p,Dato provvisorio,,,TIPO_DATO15__BIRTHRATE_N1,'Rapporto tra il numero dei nati vivi dell’anno e l’ammontare medio della popolazione residente, moltiplicato per 1.000',,,,,,
A,Annuale,ITF41,Foggia,LIFEEXP65T,Speranza di vita a 65 anni - totale,2025,21.3,e,Dato stimato,,,TIPO_DATO15__LIFEEXP65T_N1,'Numero medio di anni che restano da vivere a un 65enne (entrambi i sessi), nell’ipotesi in cui, nel corso della propria esistenza, fosse sottoposto ai rischi di mortalità per età che hanno caratterizzato l’anno di osservazione.',,,,,,
A,Annuale,ITF42,Bari,BIRTHRATE,Tasso di natalità (per mille abitanti),2025,6.1,p,Dato provvisorio,,,TIPO_DATO15__BIRTHRATE_N1,'Rapporto tra il numero dei nati vivi dell’anno e l’ammontare medio della popolazione residente, moltiplicato per 1.000',,,,,,
A,Annuale,ITF42,Bari,LIFEEXP65T,Speranza di vita a 65 anni - totale,2025,21.7,e,Dato stimato,,,TIPO_DATO15__LIFEEXP65T_N1,'Numero medio di anni che restano da vivere a un 65enne (entrambi i sessi), nell’ipotesi in cui, nel corso della propria esistenza, fosse sottoposto ai rischi di mortalità per età che hanno caratterizzato l’anno di osservazione.',,,,,,
A,Annuale,ITF43,Taranto,BIRTHRATE,Tasso di natalità (per mille abitanti),2025,5.5,p,Dato provvisorio,,,TIPO_DATO15__BIRTHRATE_N1,'Rapporto tra il numero dei nati vivi dell’anno e l’ammontare medio della popolazione residente, moltiplicato per 1.000',,,,,,
A,Annuale,ITF43,Taranto,LIFEEXP65T,Speranza di vita a 65 anni - totale,2025,21.6,e,Dato stimato,,,TIPO_DATO15__LIFEEXP65T_N1,'Numero medio di anni che restano da vivere a un 65enne (entrambi i sessi), nell’ipotesi in cui, nel corso della propria esistenza, fosse sottoposto ai rischi di mortalità per età che hanno caratterizzato l’anno di osservazione.',,,,,,
A,Annuale,ITF44,Brindisi,BIRTHRATE,Tasso di natalità (per mille abitanti),2025,5.4,p,Dato provvisorio,,,TIPO_DATO15__BIRTHRATE_N1,'Rapporto tra il numero dei nati vivi dell’anno e l’ammontare medio della popolazione residente, moltiplicato per 1.000',,,,,,
A,Annuale,ITF44,Brindisi,LIFEEXP65T,Speranza di vita a 65 anni - totale,2025,21.2,e,Dato stimato,,,TIPO_DATO15__LIFEEXP65T_N1,'Numero medio di anni che restano da vivere a un 65enne (entrambi i sessi), nell’ipotesi in cui, nel corso della propria esistenza, fosse sottoposto ai rischi di mortalità per età che hanno caratterizzato l’anno di osservazione.',,,,,,
A,Annuale,ITF45,Lecce,BIRTHRATE,Tasso di natalità (per mille abitanti),2025,5.6,p,Dato provvisorio,,,TIPO_DATO15__BIRTHRATE_N1,'Rapporto tra il numero dei nati vivi dell’anno e l’ammontare medio della popolazione residente, moltiplicato per 1.000',,,,,,
A,Annuale,ITF45,Lecce,LIFEEXP65T,Speranza di vita a 65 anni - totale,2025,21.5,e,Dato stimato,,,TIPO_DATO15__LIFEEXP65T_N1,'Numero medio di anni che restano da vivere a un 65enne (entrambi i sessi), nell’ipotesi in cui, nel corso della propria esistenza, fosse sottoposto ai rischi di mortalità per età che hanno caratterizzato l’anno di osservazione.',,,,,,
A,Annuale,IT110,Barletta-Andria-Trani,BIRTHRATE,Tasso di natalità (per mille abitanti),2025,6.6,p,Dato provvisorio,,,TIPO_DATO15__BIRTHRATE_N1,'Rapporto tra il numero dei nati vivi dell’anno e l’ammontare medio della popolazione residente, moltiplicato per 1.000',,,,,,
A,Annuale,IT110,Barletta-Andria-Trani,LIFEEXP65T,Speranza di vita a 65 anni - totale,2025,21.3,e,Dato stimato,,,TIPO_DATO15__LIFEEXP65T_N1,'Numero medio di anni che restano da vivere a un 65enne (entrambi i sessi), nell’ipotesi in cui, nel corso della propria esistenza, fosse sottoposto ai rischi di mortalità per età che hanno caratterizzato l’anno di osservazione.',,,,,,
A,Annuale,ITF51,Potenza,BIRTHRATE,Tasso di natalità (per mille abitanti),2025,5.4,p,Dato provvisorio,,,TIPO_DATO15__BIRTHRATE_N1,'Rapporto tra il numero dei nati vivi dell’anno e l’ammontare medio della popolazione residente, moltiplicato per 1.000',,,,,,
A,Annuale,ITF51,Potenza,LIFEEXP65T,Speranza di vita a 65 anni - totale,2025,21,e,Dato stimato,,,TIPO_DATO15__LIFEEXP65T_N1,'Numero medio di anni che restano da vivere a un 65enne (entrambi i sessi), nell’ipotesi in cui, nel corso della propria esistenza, fosse sottoposto ai rischi di mortalità per età che hanno caratterizzato l’anno di osservazione.',,,,,,
A,Annuale,ITF52,Matera,BIRTHRATE,Tasso di natalità (per mille abitanti),2025,6.1,p,Dato provvisorio,,,TIPO_DATO15__BIRTHRATE_N1,'Rapporto tra il numero dei nati vivi dell’anno e l’ammontare medio della popolazione residente, moltiplicato per 1.000',,,,,,
A,Annuale,ITF52,Matera,LIFEEXP65T,Speranza di vita a 65 anni - totale,2025,21.5,e,Dato stimato,,,TIPO_DATO15__LIFEEXP65T_N1,'Numero medio di anni che restano da vivere a un 65enne (entrambi i sessi), nell’ipotesi in cui, nel corso della propria esistenza, fosse sottoposto ai rischi di mortalità per età che hanno caratterizzato l’anno di osservazione.',,,,,,
A,Annuale,ITF61,Cosenza,BIRTHRATE,Tasso di natalità (per mille abitanti),2025,6.1,p,Dato provvisorio,,,TIPO_DATO15__BIRTHRATE_N1,'Rapporto tra il numero dei nati vivi dell’anno e l’ammontare medio della popolazione residente, moltiplicato per 1.000',,,,,,
A,Annuale,ITF61,Cosenza,LIFEEXP65T,Speranza di vita a 65 anni - totale,2025,20.8,e,Dato stimato,,,TIPO_DATO15__LIFEEXP65T_N1,'Numero medio di anni che restano da vivere a un 65enne (entrambi i sessi), nell’ipotesi in cui, nel corso della propria esistenza, fosse sottoposto ai rischi di mortalità per età che hanno caratterizzato l’anno di osservazione.',,,,,,
A,Annuale,ITF63,Catanzaro,BIRTHRATE,Tasso di natalità (per mille abitanti),2025,6.1,p,Dato provvisorio,,,TIPO_DATO15__BIRTHRATE_N1,'Rapporto tra il numero dei nati vivi dell’anno e l’ammontare medio della popolazione residente, moltiplicato per 1.000',,,,,,
A,Annuale,ITF63,Catanzaro,LIFEEXP65T,Speranza di vita a 65 anni - totale,2025,21.1,e,Dato stimato,,,TIPO_DATO15__LIFEEXP65T_N1,'Numero medio di anni che restano da vivere a un 65enne (entrambi i sessi), nell’ipotesi in cui, nel corso della propria esistenza, fosse sottoposto ai rischi di mortalità per età che hanno caratterizzato l’anno di osservazione.',,,,,,
A,Annuale,ITF65,Reggio di Calabria,BIRTHRATE,Tasso di natalità (per mille abitanti),2025,7.1,p,Dato provvisorio,,,TIPO_DATO15__BIRTHRATE_N1,'Rapporto tra il numero dei nati vivi dell’anno e l’ammontare medio della popolazione residente, moltiplicato per 1.000',,,,,,
A,Annuale,ITF65,Reggio di Calabria,LIFEEXP65T,Speranza di vita a 65 anni - totale,2025,21.2,e,Dato stimato,,,TIPO_DATO15__LIFEEXP65T_N1,'Numero medio di anni che restano da vivere a un 65enne (entrambi i sessi), nell’ipotesi in cui, nel corso della propria esistenza, fosse sottoposto ai rischi di mortalità per età che hanno caratterizzato l’anno di osservazione.',,,,,,
A,Annuale,ITF62,Crotone,BIRTHRATE,Tasso di natalità (per mille abitanti),2025,6.8,p,Dato provvisorio,,,TIPO_DATO15__BIRTHRATE_N1,'Rapporto tra il numero dei nati vivi dell’anno e l’ammontare medio della popolazione residente, moltiplicato per 1.000',,,,,,
A,Annuale,ITF62,Crotone,LIFEEXP65T,Speranza di vita a 65 anni - totale,2025,20.7,e,Dato stimato,,,TIPO_DATO15__LIFEEXP65T_N1,'Numero medio di anni che restano da vivere a un 65enne (entrambi i sessi), nell’ipotesi in cui, nel corso della propria esistenza, fosse sottoposto ai rischi di mortalità per età che hanno caratterizzato l’anno di osservazione.',,,,,,
A,Annuale,ITF64,Vibo Valentia,BIRTHRATE,Tasso di natalità (per mille abitanti),2025,6.8,p,Dato provvisorio,,,TIPO_DATO15__BIRTHRATE_N1,'Rapporto tra il numero dei nati vivi dell’anno e l’ammontare medio della popolazione residente, moltiplicato per 1.000',,,,,,
A,Annuale,ITF64,Vibo Valentia,LIFEEXP65T,Speranza di vita a 65 anni - totale,2025,21.6,e,Dato stimato,,,TIPO_DATO15__LIFEEXP65T_N1,'Numero medio di anni che restano da vivere a un 65enne (entrambi i sessi), nell’ipotesi in cui, nel corso della propria esistenza, fosse sottoposto ai rischi di mortalità per età che hanno caratterizzato l’anno di osservazione.',,,,,,
A,Annuale,ITG11,Trapani,BIRTHRATE,Tasso di natalità (per mille abitanti),2025,6.7,p,Dato provvisorio,,,TIPO_DATO15__BIRTHRATE_N1,'Rapporto tra il numero dei nati vivi dell’anno e l’ammontare medio della popolazione residente, moltiplicato per 1.000',,,,,,
A,Annuale,ITG11,Trapani,LIFEEXP65T,Speranza di vita a 65 anni - totale,2025,21,e,Dato stimato,,,TIPO_DATO15__LIFEEXP65T_N1,'Numero medio di anni che restano da vivere a un 65enne (entrambi i sessi), nell’ipotesi in cui, nel corso della propria esistenza, fosse sottoposto ai rischi di mortalità per età che hanno caratterizzato l’anno di osservazione.',,,,,,
A,Annuale,ITG12,Palermo,BIRTHRATE,Tasso di natalità (per mille abitanti),2025,7,p,Dato provvisorio,,,TIPO_DATO15__BIRTHRATE_N1,'Rapporto tra il numero dei nati vivi dell’anno e l’ammontare medio della popolazione residente, moltiplicato per 1.000',,,,,,
A,Annuale,ITG12,Palermo,LIFEEXP65T,Speranza di vita a 65 anni - totale,2025,20.6,e,Dato stimato,,,TIPO_DATO15__LIFEEXP65T_N1,'Numero medio di anni che restano da vivere a un 65enne (entrambi i sessi), nell’ipotesi in cui, nel corso della propria esistenza, fosse sottoposto ai rischi di mortalità per età che hanno caratterizzato l’anno di osservazione.',,,,,,
A,Annuale,ITG13,Messina,BIRTHRATE,Tasso di natalità (per mille abitanti),2025,5.8,p,Dato provvisorio,,,TIPO_DATO15__BIRTHRATE_N1,'Rapporto tra il numero dei nati vivi dell’anno e l’ammontare medio della popolazione residente, moltiplicato per 1.000',,,,,,
A,Annuale,ITG13,Messina,LIFEEXP65T,Speranza di vita a 65 anni - totale,2025,20.7,e,Dato stimato,,,TIPO_DATO15__LIFEEXP65T_N1,'Numero medio di anni che restano da vivere a un 65enne (entrambi i sessi), nell’ipotesi in cui, nel corso della propria esistenza, fosse sottoposto ai rischi di mortalità per età che hanno caratterizzato l’anno di osservazione.',,,,,,
A,Annuale,ITG14,Agrigento,BIRTHRATE,Tasso di natalità (per mille abitanti),2025,6.7,p,Dato provvisorio,,,TIPO_DATO15__BIRTHRATE_N1,'Rapporto tra il numero dei nati vivi dell’anno e l’ammontare medio della popolazione residente, moltiplicato per 1.000',,,,,,
A,Annuale,ITG14,Agrigento,LIFEEXP65T,Speranza di vita a 65 anni - totale,2025,21,e,Dato stimato,,,TIPO_DATO15__LIFEEXP65T_N1,'Numero medio di anni che restano da vivere a un 65enne (entrambi i sessi), nell’ipotesi in cui, nel corso della propria esistenza, fosse sottoposto ai rischi di mortalità per età che hanno caratterizzato l’anno di osservazione.',,,,,,
A,Annuale,ITG15,Caltanissetta,BIRTHRATE,Tasso di natalità (per mille abitanti),2025,6.3,p,Dato provvisorio,,,TIPO_DATO15__BIRTHRATE_N1,'Rapporto tra il numero dei nati vivi dell’anno e l’ammontare medio della popolazione residente, moltiplicato per 1.000',,,,,,
A,Annuale,ITG15,Caltanissetta,LIFEEXP65T,Speranza di vita a 65 anni - totale,2025,20.6,e,Dato stimato,,,TIPO_DATO15__LIFEEXP65T_N1,'Numero medio di anni che restano da vivere a un 65enne (entrambi i sessi), nell’ipotesi in cui, nel corso della propria esistenza, fosse sottoposto ai rischi di mortalità per età che hanno caratterizzato l’anno di osservazione.',,,,,,
A,Annuale,ITG16,Enna,BIRTHRATE,Tasso di natalità (per mille abitanti),2025,6.1,p,Dato provvisorio,,,TIPO_DATO15__BIRTHRATE_N1,'Rapporto tra il numero dei nati vivi dell’anno e l’ammontare medio della popolazione residente, moltiplicato per 1.000',,,,,,
A,Annuale,ITG16,Enna,LIFEEXP65T,Speranza di vita a 65 anni - totale,2025,20.9,e,Dato stimato,,,TIPO_DATO15__LIFEEXP65T_N1,'Numero medio di anni che restano da vivere a un 65enne (entrambi i sessi), nell’ipotesi in cui, nel corso della propria esistenza, fosse sottoposto ai rischi di mortalità per età che hanno caratterizzato l’anno di osservazione.',,,,,,
A,Annuale,ITG17,Catania,BIRTHRATE,Tasso di natalità (per mille abitanti),2025,7.2,p,Dato provvisorio,,,TIPO_DATO15__BIRTHRATE_N1,'Rapporto tra il numero dei nati vivi dell’anno e l’ammontare medio della popolazione residente, moltiplicato per 1.000',,,,,,
A,Annuale,ITG17,Catania,LIFEEXP65T,Speranza di vita a 65 anni - totale,2025,20.7,e,Dato stimato,,,TIPO_DATO15__LIFEEXP65T_N1,'Numero medio di anni che restano da vivere a un 65enne (entrambi i sessi), nell’ipotesi in cui, nel corso della propria esistenza, fosse sottoposto ai rischi di mortalità per età che hanno caratterizzato l’anno di osservazione.',,,,,,
A,Annuale,ITG18,Ragusa,BIRTHRATE,Tasso di natalità (per mille abitanti),2025,7.1,p,Dato provvisorio,,,TIPO_DATO15__BIRTHRATE_N1,'Rapporto tra il numero dei nati vivi dell’anno e l’ammontare medio della popolazione residente, moltiplicato per 1.000',,,,,,
A,Annuale,ITG18,Ragusa,LIFEEXP65T,Speranza di vita a 65 anni - totale,2025,21.2,e,Dato stimato,,,TIPO_DATO15__LIFEEXP65T_N1,'Numero medio di anni che restano da vivere a un 65enne (entrambi i sessi), nell’ipotesi in cui, nel corso della propria esistenza, fosse sottoposto ai rischi di mortalità per età che hanno caratterizzato l’anno di osservazione.',,,,,,
A,Annuale,ITG19,Siracusa,BIRTHRATE,Tasso di natalità (per mille abitanti),2025,6.3,p,Dato provvisorio,,,TIPO_DATO15__BIRTHRATE_N1,'Rapporto tra il numero dei nati vivi dell’anno e l’ammontare medio della popolazione residente, moltiplicato per 1.000',,,,,,
A,Annuale,ITG19,Siracusa,LIFEEXP65T,Speranza di vita a 65 anni - totale,2025,20.5,e,Dato stimato,,,TIPO_DATO15__LIFEEXP65T_N1,'Numero medio di anni che restano da vivere a un 65enne (entrambi i sessi), nell’ipotesi in cui, nel corso della propria esistenza, fosse sottoposto ai rischi di mortalità per età che hanno caratterizzato l’anno di osservazione.',,,,,,
A,Annuale,ITG25,Sassari,BIRTHRATE,Tasso di natalità (per mille abitanti),2025,4.4,p,Dato provvisorio,,,TIPO_DATO15__BIRTHRATE_N1,'Rapporto tra il numero dei nati vivi dell’anno e l’ammontare medio della popolazione residente, moltiplicato per 1.000',,,,,,
A,Annuale,ITG25,Sassari,LIFEEXP65T,Speranza di vita a 65 anni - totale,2025,21.2,e,Dato stimato,,,TIPO_DATO15__LIFEEXP65T_N1,'Numero medio di anni che restano da vivere a un 65enne (entrambi i sessi), nell’ipotesi in cui, nel corso della propria esistenza, fosse sottoposto ai rischi di mortalità per età che hanno caratterizzato l’anno di osservazione.',,,,,,
A,Annuale,ITG26,Nuoro,BIRTHRATE,Tasso di natalità (per mille abitanti),2025,4.8,p,Dato provvisorio,,,TIPO_DATO15__BIRTHRATE_N1,'Rapporto tra il numero dei nati vivi dell’anno e l’ammontare medio della popolazione residente, moltiplicato per 1.000',,,,,,
A,Annuale,ITG26,Nuoro,LIFEEXP65T,Speranza di vita a 65 anni - totale,2025,21.2,e,Dato stimato,,,TIPO_DATO15__LIFEEXP65T_N1,'Numero medio di anni che restano da vivere a un 65enne (entrambi i sessi), nell’ipotesi in cui, nel corso della propria esistenza, fosse sottoposto ai rischi di mortalità per età che hanno caratterizzato l’anno di osservazione.',,,,,,
A,Annuale,ITG27,Cagliari,BIRTHRATE,Tasso di natalità (per mille abitanti),2025,3.8,p,Dato provvisorio,,,TIPO_DATO15__BIRTHRATE_N1,'Rapporto tra il numero dei nati vivi dell’anno e l’ammontare medio della popolazione residente, moltiplicato per 1.000',,,,,,
A,Annuale,ITG27,Cagliari,LIFEEXP65T,Speranza di vita a 65 anni - totale,2025,21.8,e,Dato stimato,,,TIPO_DATO15__LIFEEXP65T_N1,'Numero medio di anni che restano da vivere a un 65enne (entrambi i sessi), nell’ipotesi in cui, nel corso della propria esistenza, fosse sottoposto ai rischi di mortalità per età che hanno caratterizzato l’anno di osservazione.',,,,,,
A,Annuale,ITG28,Oristano,BIRTHRATE,Tasso di natalità (per mille abitanti),2025,3.8,p,Dato provvisorio,,,TIPO_DATO15__BIRTHRATE_N1,'Rapporto tra il numero dei nati vivi dell’anno e l’ammontare medio della popolazione residente, moltiplicato per 1.000',,,,,,
A,Annuale,ITG28,Oristano,LIFEEXP65T,Speranza di vita a 65 anni - totale,2025,21.3,e,Dato stimato,,,TIPO_DATO15__LIFEEXP65T_N1,'Numero medio di anni che restano da vivere a un 65enne (entrambi i sessi), nell’ipotesi in cui, nel corso della propria esistenza, fosse sottoposto ai rischi di mortalità per età che hanno caratterizzato l’anno di osservazione.',,,,,,
A,Annuale,IT111,Sud Sardegna,BIRTHRATE,Tasso di natalità (per mille abitanti),2025,3.9,p,Dato provvisorio,,,TIPO_DATO15__BIRTHRATE_N1,'Rapporto tra il numero dei nati vivi dell’anno e l’ammontare medio della popolazione residente, moltiplicato per 1.000',,,,,,
A,Annuale,IT111,Sud Sardegna,LIFEEXP65T,Speranza di vita a 65 anni - totale,2025,21.4,e,Dato stimato,,,TIPO_DATO15__LIFEEXP65T_N1,'Numero medio di anni che restano da vivere a un 65enne (entrambi i sessi), nell’ipotesi in cui, nel corso della propria esistenza, fosse sottoposto ai rischi di mortalità per età che hanno caratterizzato l’anno di osservazione.',,,,,,
